total count,total area,average area,maximum area,minimum area
10000,25030733.669409875,2503.0733669409874,9874.610465755648,0.0643602289153509
